<?xml version="1.0" encoding="UTF-8"?>
<project-private xmlns="http://www.netbeans.org/ns/project-private/1">
    <data xmlns="http://www.netbeans.org/ns/make-project-private/1">
        <activeConfTypeElem>1</activeConfTypeElem>
        <activeConfIndexElem>0</activeConfIndexElem>
    </data>
    <editor-bookmarks xmlns="http://www.netbeans.org/ns/editor-bookmarks/2" lastBookmarkId="0"/>
    <open-files xmlns="http://www.netbeans.org/ns/projectui-open-files/2">
        <group>
            <file>file:/C:/Users/Josue/OneDrive/Documentos/2024-1/Prog2/examen/ExFinal/2023_2/preg2/main.cpp</file>
            <file>file:/C:/Users/Josue/OneDrive/Documentos/2024-1/Prog2/examen/ExFinal/2023_2/preg2/Furgon.cpp</file>
            <file>file:/C:/Users/Josue/OneDrive/Documentos/2024-1/Prog2/examen/ExFinal/2023_2/preg2/Camion.cpp</file>
            <file>file:/C:/Users/Josue/OneDrive/Documentos/2024-1/Prog2/examen/ExFinal/2023_2/preg2/Furgon.h</file>
            <file>file:/C:/Users/Josue/OneDrive/Documentos/2024-1/Prog2/examen/ExFinal/2023_2/preg2/Flota.cpp</file>
            <file>file:/C:/Users/Josue/OneDrive/Documentos/2024-1/Prog2/examen/ExFinal/2023_2/preg2/Vehiculo.h</file>
            <file>file:/C:/Users/Josue/OneDrive/Documentos/2024-1/Prog2/examen/ExFinal/2023_2/preg2/Pedido.h</file>
            <file>file:/C:/Users/Josue/OneDrive/Documentos/2024-1/Prog2/examen/ExFinal/2023_2/preg2/Camion.h</file>
            <file>file:/C:/Users/Josue/OneDrive/Documentos/2024-1/Prog2/examen/ExFinal/2023_2/preg2/Flota.h</file>
            <file>file:/C:/Users/Josue/OneDrive/Documentos/2024-1/Prog2/examen/ExFinal/2023_2/preg2/Pedido.cpp</file>
            <file>file:/C:/Users/Josue/OneDrive/Documentos/2024-1/Prog2/examen/ExFinal/2023_2/preg2/Vehiculo.cpp</file>
        </group>
    </open-files>
</project-private>
